vector_size,memory,executetime
102,3008,1561165668.7759748
102,3008,1561165683.4170551
102,3008,0.0
10002,87724,0.007978677749633789
1000002,8007864,1.1419758796691895
